{
  "Select a Game" : {
    "transaction" : "Select a Game",
    "sampleCount" : 89,
    "errorCount" : 0,
    "errorPct" : 0.0,
    "meanResTime" : 8985.168539325841,
    "medianResTime" : 9872.0,
    "minResTime" : 1988.0,
    "maxResTime" : 11465.0,
    "pct1ResTime" : 11299.0,
    "pct2ResTime" : 11380.0,
    "pct3ResTime" : 11465.0,
    "throughput" : 0.5043864620406683,
    "receivedKBytesPerSec" : 7.891631382047242,
    "sentKBytesPerSec" : 2.5459074918391402
  },
  "/deposits-145" : {
    "transaction" : "/deposits-145",
    "sampleCount" : 91,
    "errorCount" : 0,
    "errorPct" : 0.0,
    "meanResTime" : 2201.736263736263,
    "medianResTime" : 2403.0,
    "minResTime" : 372.0,
    "maxResTime" : 3062.0,
    "pct1ResTime" : 2759.6,
    "pct2ResTime" : 2810.0,
    "pct3ResTime" : 3062.0,
    "throughput" : 0.512214342001576,
    "receivedKBytesPerSec" : 5.0680878327986045,
    "sentKBytesPerSec" : 0.6102553684003152
  },
  "/css/app.css-173" : {
    "transaction" : "/css/app.css-173",
    "sampleCount" : 20,
    "errorCount" : 0,
    "errorPct" : 0.0,
    "meanResTime" : 72.05,
    "medianResTime" : 50.0,
    "minResTime" : 32.0,
    "maxResTime" : 278.0,
    "pct1ResTime" : 237.20000000000036,
    "pct2ResTime" : 276.79999999999995,
    "pct3ResTime" : 278.0,
    "throughput" : 0.5983366241847664,
    "receivedKBytesPerSec" : 41.23935848964877,
    "sentKBytesPerSec" : 0.6579365613594208
  },
  "Log Out" : {
    "transaction" : "Log Out",
    "sampleCount" : 85,
    "errorCount" : 0,
    "errorPct" : 0.0,
    "meanResTime" : 11218.635294117646,
    "medianResTime" : 11727.0,
    "minResTime" : 1803.0,
    "maxResTime" : 13870.0,
    "pct1ResTime" : 13497.2,
    "pct2ResTime" : 13702.9,
    "pct3ResTime" : 13870.0,
    "throughput" : 0.4859392061468451,
    "receivedKBytesPerSec" : 19.37713290687404,
    "sentKBytesPerSec" : 1.975579589695802
  },
  "/js/app.js-39" : {
    "transaction" : "/js/app.js-39",
    "sampleCount" : 20,
    "errorCount" : 0,
    "errorPct" : 0.0,
    "meanResTime" : 115.94999999999997,
    "medianResTime" : 73.0,
    "minResTime" : 63.0,
    "maxResTime" : 512.0,
    "pct1ResTime" : 217.00000000000017,
    "pct2ResTime" : 497.6499999999998,
    "pct3ResTime" : 512.0,
    "throughput" : 0.8723339294281851,
    "receivedKBytesPerSec" : 236.23433206481442,
    "sentKBytesPerSec" : 0.9251510228115323
  },
  "/login-113" : {
    "transaction" : "/login-113",
    "sampleCount" : 102,
    "errorCount" : 0,
    "errorPct" : 0.0,
    "meanResTime" : 2094.558823529411,
    "medianResTime" : 2376.5,
    "minResTime" : 398.0,
    "maxResTime" : 3004.0,
    "pct1ResTime" : 2755.0,
    "pct2ResTime" : 2801.3999999999996,
    "pct3ResTime" : 2999.5899999999997,
    "throughput" : 0.565974919542781,
    "receivedKBytesPerSec" : 4.515027423080125,
    "sentKBytesPerSec" : 0.6726479268394185
  },
  "/logout-400" : {
    "transaction" : "/logout-400",
    "sampleCount" : 85,
    "errorCount" : 0,
    "errorPct" : 0.0,
    "meanResTime" : 6681.4,
    "medianResTime" : 7018.0,
    "minResTime" : 1088.0,
    "maxResTime" : 8520.0,
    "pct1ResTime" : 8112.2,
    "pct2ResTime" : 8232.3,
    "pct3ResTime" : 8520.0,
    "throughput" : 0.5013122585591696,
    "receivedKBytesPerSec" : 6.397093448659727,
    "sentKBytesPerSec" : 1.3120281766978266
  },
  "/login-144" : {
    "transaction" : "/login-144",
    "sampleCount" : 97,
    "errorCount" : 0,
    "errorPct" : 0.0,
    "meanResTime" : 4384.701030927835,
    "medianResTime" : 4778.0,
    "minResTime" : 749.0,
    "maxResTime" : 5614.0,
    "pct1ResTime" : 5478.2,
    "pct2ResTime" : 5497.1,
    "pct3ResTime" : 5614.0,
    "throughput" : 0.5338176214847835,
    "receivedKBytesPerSec" : 6.3033882112982225,
    "sentKBytesPerSec" : 1.2704233823812667
  },
  "/-37" : {
    "transaction" : "/-37",
    "sampleCount" : 104,
    "errorCount" : 1,
    "errorPct" : 0.96153843,
    "meanResTime" : 4121.307692307692,
    "medianResTime" : 4650.5,
    "minResTime" : 608.0,
    "maxResTime" : 5576.0,
    "pct1ResTime" : 5374.0,
    "pct2ResTime" : 5413.75,
    "pct3ResTime" : 5569.05,
    "throughput" : 0.5646741992756967,
    "receivedKBytesPerSec" : 6.097649950862486,
    "sentKBytesPerSec" : 0.5681737201170614
  },
  "/login-141" : {
    "transaction" : "/login-141",
    "sampleCount" : 97,
    "errorCount" : 0,
    "errorPct" : 0.0,
    "meanResTime" : 2113.0721649484535,
    "medianResTime" : 2439.0,
    "minResTime" : 376.0,
    "maxResTime" : 3001.0,
    "pct1ResTime" : 2804.2000000000003,
    "pct2ResTime" : 2854.7,
    "pct3ResTime" : 3001.0,
    "throughput" : 0.5485525564245683,
    "receivedKBytesPerSec" : 0.8517453655791754,
    "sentKBytesPerSec" : 0.7347261955759519
  },
  "/logout-400-0" : {
    "transaction" : "/logout-400-0",
    "sampleCount" : 85,
    "errorCount" : 0,
    "errorPct" : 0.0,
    "meanResTime" : 2191.2352941176473,
    "medianResTime" : 2356.0,
    "minResTime" : 326.0,
    "maxResTime" : 2812.0,
    "pct1ResTime" : 2717.2,
    "pct2ResTime" : 2729.2,
    "pct3ResTime" : 2812.0,
    "throughput" : 0.518738671662832,
    "receivedKBytesPerSec" : 0.9641900105426006,
    "sentKBytesPerSec" : 0.6975616707809763
  },
  "Home Page" : {
    "transaction" : "Home Page",
    "sampleCount" : 104,
    "errorCount" : 1,
    "errorPct" : 0.96153843,
    "meanResTime" : 4143.615384615384,
    "medianResTime" : 4650.5,
    "minResTime" : 668.0,
    "maxResTime" : 5576.0,
    "pct1ResTime" : 5374.0,
    "pct2ResTime" : 5413.75,
    "pct3ResTime" : 5569.05,
    "throughput" : 0.564668067477834,
    "receivedKBytesPerSec" : 35.50454398302738,
    "sentKBytesPerSec" : 0.6833323492363407
  },
  "Click On Login Button" : {
    "transaction" : "Click On Login Button",
    "sampleCount" : 102,
    "errorCount" : 0,
    "errorPct" : 0.0,
    "meanResTime" : 2106.362745098039,
    "medianResTime" : 2380.5,
    "minResTime" : 403.0,
    "maxResTime" : 3004.0,
    "pct1ResTime" : 2755.0,
    "pct2ResTime" : 2801.3999999999996,
    "pct3ResTime" : 2999.5899999999997,
    "throughput" : 0.565974919542781,
    "receivedKBytesPerSec" : 12.163686874028965,
    "sentKBytesPerSec" : 0.7943524754466763
  },
  "/css/app.css-146" : {
    "transaction" : "/css/app.css-146",
    "sampleCount" : 20,
    "errorCount" : 0,
    "errorPct" : 0.0,
    "meanResTime" : 79.80000000000003,
    "medianResTime" : 43.5,
    "minResTime" : 35.0,
    "maxResTime" : 356.0,
    "pct1ResTime" : 319.1000000000005,
    "pct2ResTime" : 355.25,
    "pct3ResTime" : 356.0,
    "throughput" : 0.6306363120388472,
    "receivedKBytesPerSec" : 43.464791032745794,
    "sentKBytesPerSec" : 0.6934536009333417
  },
  "/logout-400-1" : {
    "transaction" : "/logout-400-1",
    "sampleCount" : 85,
    "errorCount" : 0,
    "errorPct" : 0.0,
    "meanResTime" : 4489.823529411766,
    "medianResTime" : 4648.0,
    "minResTime" : 659.0,
    "maxResTime" : 5812.0,
    "pct1ResTime" : 5387.0,
    "pct2ResTime" : 5519.8,
    "pct3ResTime" : 5812.0,
    "throughput" : 0.5026106186841063,
    "receivedKBytesPerSec" : 5.479448953978607,
    "sentKBytesPerSec" : 0.6395523790482329
  },
  "/games/play-204" : {
    "transaction" : "/games/play-204",
    "sampleCount" : 89,
    "errorCount" : 0,
    "errorPct" : 0.0,
    "meanResTime" : 2356.516853932585,
    "medianResTime" : 2524.0,
    "minResTime" : 509.0,
    "maxResTime" : 3003.0,
    "pct1ResTime" : 2865.0,
    "pct2ResTime" : 2885.0,
    "pct3ResTime" : 3003.0,
    "throughput" : 0.5049101089811595,
    "receivedKBytesPerSec" : 1.010623544483148,
    "sentKBytesPerSec" : 0.6646668231509795
  },
  "/games/play-223" : {
    "transaction" : "/games/play-223",
    "sampleCount" : 87,
    "errorCount" : 0,
    "errorPct" : 0.0,
    "meanResTime" : 2295.057471264368,
    "medianResTime" : 2476.0,
    "minResTime" : 426.0,
    "maxResTime" : 2916.0,
    "pct1ResTime" : 2834.4,
    "pct2ResTime" : 2866.6,
    "pct3ResTime" : 2916.0,
    "throughput" : 0.5041520105234488,